{
    "name": "wake_word",
    "roles": [
        "wake_word"
    ],
    "lookups": [
        "free-text",
        "keywords"
    ],
    "keywords": [
        {
            "keyword": "hei west",
            "synonyms": [
                "hei west"
            ]
        },
        {
            "keyword": "hey quest",
            "synonyms": [
                "hey quest"
            ]
        },
        {
            "keyword": "hi quest",
            "synonyms": [
                "hi quest"
            ]
        }
    ]
}
